,PublicationTitle,NMId,ObsRPShape,colLength,colWidth,Poros,Darcy,ConcIn,PvIn,pH,IonStr,SaltType,PartDensity,PartIEP,PartZeta,CollecZeta,PartDiam,CollecDiam,Coating,ConcHA,TypeNOM,Hamaker
0,Cotransport of Titanium Dioxide and Fullerene Nanoparticles in Saturated Porous Media ,C60,HE,0.1,0.02,0.42,9.26e-05,0.01,3.0,5.0,0.1,NaCl,1730,3.0,-24.4,-52.34,1.36e-07,0.000509,None,0.0,None,1e-20
1,Cotransport of Titanium Dioxide and Fullerene Nanoparticles in Saturated Porous Media ,C60,HE,0.1,0.02,0.42,9.26e-05,0.01,3.0,5.0,1.0,NaCl,1730,3.0,-22.0,-45.46,1.88e-07,0.000509,None,0.0,None,1e-20
2,Cotransport of Titanium Dioxide and Fullerene Nanoparticles in Saturated Porous Media ,C60,HE,0.1,0.02,0.42,9.26e-05,0.01,3.0,5.0,10.0,NaCl,1730,3.0,-18.7,-42.87,3.32e-07,0.000509,None,0.0,None,1e-20
3,Cotransport of Titanium Dioxide and Fullerene Nanoparticles in Saturated Porous Media ,C60,IRwD,0.1,0.02,0.42,9.26e-05,0.01,3.0,7.0,0.01,NaCl,1730,3.0,-37.5,-67.58,1.84e-07,0.000509,None,0.0,None,1e-20
4,Cotransport of Titanium Dioxide and Fullerene Nanoparticles in Saturated Porous Media ,C60,HE,0.1,0.02,0.42,9.26e-05,0.01,3.0,7.0,1.0,NaCl,1730,3.0,-36.9,-62.21,1.94e-07,0.000509,None,0.0,None,1e-20
5,Cotransport of Titanium Dioxide and Fullerene Nanoparticles in Saturated Porous Media ,C60,HE,0.1,0.02,0.42,9.26e-05,0.01,3.0,7.0,10.0,NaCl,1730,3.0,-28.8,-72.87,5.05e-07,0.000509,None,0.0,None,1e-20
6,Cotransport of Titanium Dioxide and Fullerene Nanoparticles in Saturated Porous Media ,TiO2,LD,0.1,0.02,0.42,9.26e-05,0.05,3.0,5.0,0.01,NaCl,4510,6.2,23.7,-52.34,4.53e-07,0.000509,None,0.0,None,1e-20
7,Cotransport of Titanium Dioxide and Fullerene Nanoparticles in Saturated Porous Media ,TiO2,HE,0.1,0.02,0.42,9.26e-05,0.05,3.0,5.0,1.0,NaCl,4510,6.2,23.1,-45.46,9.41e-07,0.000509,None,0.0,None,1e-20
8,Cotransport of Titanium Dioxide and Fullerene Nanoparticles in Saturated Porous Media ,TiO2,LD,0.1,0.02,0.42,9.26e-05,0.05,3.0,5.0,10.0,NaCl,4510,6.2,21.6,-42.87,1.08e-06,0.000509,None,0.0,None,1e-20
9,Cotransport of Titanium Dioxide and Fullerene Nanoparticles in Saturated Porous Media ,TiO2,HE,0.1,0.02,0.42,9.26e-05,0.05,3.0,7.0,0.01,NaCl,4510,6.2,-22.71,-67.58,4.65e-07,0.000509,None,0.0,None,1e-20
10,Cotransport of Titanium Dioxide and Fullerene Nanoparticles in Saturated Porous Media ,TiO2,HE,0.1,0.02,0.42,9.26e-05,0.05,3.0,7.0,1.0,NaCl,4510,6.2,-20.8,-62.21,9.56e-07,0.000509,None,0.0,None,1e-20
11,Cotransport of Titanium Dioxide and Fullerene Nanoparticles in Saturated Porous Media ,TiO2,HE,0.1,0.02,0.42,9.26e-05,0.05,3.0,7.0,10.0,NaCl,4510,6.2,-15.7,-58.78,1.15e-06,0.000509,None,0.0,None,1e-20
12,Transport and Retention of TiO\textsubscript{2} Rutile Nanoparticles in Saturated Porous Media under Low-Ionic-Strength Conditions: Measurements and Mechanisms ,TiO2,IRwD,0.15,0.025,0.37,5.1e-05,0.02,4.0,6.0,0.003,NaCl,4510,5.9,-47.53,-55.4,8.45e-08,0.000275,None,0.0,None,4.5e-20
13,Transport and Retention of TiO\textsubscript{2} Rutile Nanoparticles in Saturated Porous Media under Low-Ionic-Strength Conditions: Measurements and Mechanisms ,TiO2,IRwD,0.15,0.025,0.37,5.1e-05,0.02,4.0,6.0,0.01,NaCl,4510,5.9,-43.07,-53.11,8.45e-08,0.000275,None,0.0,None,4.5e-20
14,Transport and Retention of TiO\textsubscript{2} Rutile Nanoparticles in Saturated Porous Media under Low-Ionic-Strength Conditions: Measurements and Mechanisms ,TiO2,IRwD,0.15,0.025,0.37,5.1e-05,0.02,4.0,6.0,0.1,NaCl,4510,5.9,-35.17,-54.11,8.45e-08,0.000275,None,0.0,None,4.5e-20
15,Transport and Retention of TiO\textsubscript{2} Rutile Nanoparticles in Saturated Porous Media under Low-Ionic-Strength Conditions: Measurements and Mechanisms ,TiO2,IRwD,0.15,0.025,0.37,5.1e-05,0.02,4.0,6.0,0.56,NaCl,4510,5.9,-31.6,-53.89,8.45e-08,0.000275,None,0.0,None,4.5e-20
16,Transport and Retention of TiO\textsubscript{2} Rutile Nanoparticles in Saturated Porous Media under Low-Ionic-Strength Conditions: Measurements and Mechanisms ,TiO2,IRwD,0.15,0.025,0.37,5.1e-05,0.02,4.0,6.0,0.75,NaCl,4510,5.9,-29.77,-53.4,8.45e-08,0.000275,None,0.0,None,4.5e-20
17,Transport and Retention of TiO\textsubscript{2} Rutile Nanoparticles in Saturated Porous Media under Low-Ionic-Strength Conditions: Measurements and Mechanisms ,TiO2,IRwD,0.15,0.025,0.37,5.1e-05,0.02,4.0,6.0,0.8,NaCl,4510,5.9,-29.23,-52.87,8.45e-08,0.000275,None,0.0,None,4.5e-20
18,Transport and Retention of TiO\textsubscript{2} Rutile Nanoparticles in Saturated Porous Media under Low-Ionic-Strength Conditions: Measurements and Mechanisms ,TiO2,SIR,0.15,0.025,0.37,0.37,0.02,4.0,6.0,1.0,NaCl,4510,5.9,-28.5,-52.11,8.45e-08,0.000275,None,0.0,None,4.5e-20
19,Transport and Retention of TiO\textsubscript{2} Rutile Nanoparticles in Saturated Porous Media under Low-Ionic-Strength Conditions: Measurements and Mechanisms ,TiO2,IRwD,0.15,0.025,0.37,5.1e-05,0.02,4.0,6.0,0.02,CaCl2,4510,5.9,-28.53,-27.77,8.45e-08,0.000275,None,0.0,None,4.5e-20
20,Transport and Retention of TiO\textsubscript{2} Rutile Nanoparticles in Saturated Porous Media under Low-Ionic-Strength Conditions: Measurements and Mechanisms ,TiO2,IRwD,0.15,0.025,0.37,5.1e-05,0.02,4.0,6.0,0.03,CaCl2,4510,5.9,-25.53,-26.2,8.45e-08,0.000275,None,0.0,None,4.5e-20
21,Transport and Retention of TiO\textsubscript{2} Rutile Nanoparticles in Saturated Porous Media under Low-Ionic-Strength Conditions: Measurements and Mechanisms ,TiO2,SIR,0.15,0.025,0.37,5.1e-05,0.02,4.0,6.0,0.04,CaCl2,4510,5.9,-23.53,-25.33,8.45e-08,0.000275,None,0.0,None,4.5e-20
22,Transport and Retention of TiO\textsubscript{2} Rutile Nanoparticles in Saturated Porous Media under Low-Ionic-Strength Conditions: Measurements and Mechanisms ,TiO2,SIR,0.15,0.025,0.37,5.1e-05,0.02,4.0,6.0,0.06,CaCl2,4510,5.9,-20.27,-24.8,8.45e-08,0.000275,None,0.0,None,4.5e-20
23,Mechanisms of TiO\textsubscript{2} nanoparticle transport in porous media: Role of solution chemistry nanoparticle concentration and flowrate,TiO2,HE,0.1,0.015,0.46,0.00019,0.1,6.0,5.0,1.0,KCl,4510,6.2,44.12,-14.8,2.9e-07,0.000275,None,0.0,None,1e-20
24,Mechanisms of TiO\textsubscript{2} nanoparticle transport in porous media: Role of solution chemistry nanoparticle concentration and flowrate,TiO2,HE,0.1,0.015,0.46,0.00019,0.2,6.0,5.0,1.0,KCl,4510,6.2,44.12,-14.8,2.87e-07,0.000275,None,0.0,None,1e-20
25,Mechanisms of TiO\textsubscript{2} nanoparticle transport in porous media: Role of solution chemistry nanoparticle concentration and flowrate,TiO2,HE,0.1,0.015,0.46,0.00019,0.1,6.0,7.0,1.0,KCl,4510,6.2,-27.04,-41.7,1.19e-06,0.000275,None,0.0,None,1e-20
26,Mechanisms of TiO\textsubscript{2} nanoparticle transport in porous media: Role of solution chemistry nanoparticle concentration and flowrate,TiO2,HE,0.1,0.015,0.46,0.00019,0.2,6.0,7.0,1.0,KCl,4510,6.2,-27.04,-41.7,1.35e-06,0.000275,None,0.0,None,1e-20
27,Mechanisms of TiO\textsubscript{2} nanoparticle transport in porous media: Role of solution chemistry nanoparticle concentration and flowrate,TiO2,HE,0.1,0.015,0.46,0.00095,0.1,6.0,5.0,1.0,KCl,4510,6.2,33.35,-14.8,2.9e-07,0.000275,None,0.0,None,1e-20
28,Mechanisms of TiO\textsubscript{2} nanoparticle transport in porous media: Role of solution chemistry nanoparticle concentration and flowrate,TiO2,EXP,0.1,0.015,0.46,0.00095,0.2,6.0,5.0,1.0,KCl,4510,6.2,33.35,-14.8,2.87e-07,0.000275,None,0.0,None,1e-20
29,Mechanisms of TiO\textsubscript{2} nanoparticle transport in porous media: Role of solution chemistry nanoparticle concentration and flowrate,TiO2,HE,0.1,0.015,0.46,0.00095,0.1,6.0,7.0,1.0,KCl,4510,6.2,-21.62,-22.3,1.19e-06,0.000275,None,0.0,None,1e-20
30,Mechanisms of TiO\textsubscript{2} nanoparticle transport in porous media: Role of solution chemistry nanoparticle concentration and flowrate,TiO2,HE,0.1,0.015,0.46,0.00095,0.2,6.0,7.0,1.0,KCl,4510,6.2,-21.62,-22.3,1.35e-06,0.000275,None,0.0,None,1e-20
31,Mechanisms of TiO\textsubscript{2} nanoparticle transport in porous media: Role of solution chemistry nanoparticle concentration and flowrate,TiO2,HE,0.1,0.015,0.46,0.00019,0.1,6.0,5.0,10.0,KCl,4510,6.2,33.35,-9.1,1.07e-06,0.000275,None,0.0,None,1e-20
32,Mechanisms of TiO\textsubscript{2} nanoparticle transport in porous media: Role of solution chemistry nanoparticle concentration and flowrate,TiO2,HE,0.1,0.015,0.46,0.00019,0.2,6.0,5.0,10.0,KCl,4510,6.2,33.35,-9.1,1.04e-06,0.000275,None,0.0,None,1e-20
33,Mechanisms of TiO\textsubscript{2} nanoparticle transport in porous media: Role of solution chemistry nanoparticle concentration and flowrate,TiO2,HE,0.1,0.015,0.46,0.00019,0.1,6.0,7.0,10.0,KCl,4510,6.2,-21.62,-22.2,1.34e-06,0.000275,None,0.0,None,1e-20
34,Mechanisms of TiO\textsubscript{2} nanoparticle transport in porous media: Role of solution chemistry nanoparticle concentration and flowrate,TiO2,HE,0.1,0.015,0.46,0.00019,0.2,6.0,7.0,10.0,KCl,4510,6.2,-21.62,-22.2,1.28e-06,0.000275,None,0.0,None,1e-20
35,Mechanisms of TiO\textsubscript{2} nanoparticle transport in porous media: Role of solution chemistry nanoparticle concentration and flowrate,TiO2,EXP,0.1,0.015,0.46,0.00095,0.1,6.0,5.0,10.0,KCl,4510,6.2,33.35,-9.1,1.07e-06,0.000275,None,0.0,None,1e-20
36,Mechanisms of TiO\textsubscript{2} nanoparticle transport in porous media: Role of solution chemistry nanoparticle concentration and flowrate,TiO2,HE,0.1,0.015,0.46,0.00095,0.2,6.0,5.0,10.0,KCl,4510,6.2,33.35,-9.1,1.04e-06,0.000275,None,0.0,None,1e-20
37,Mechanisms of TiO\textsubscript{2} nanoparticle transport in porous media: Role of solution chemistry nanoparticle concentration and flowrate,TiO2,HE,0.1,0.015,0.46,0.00095,0.1,6.0,7.0,10.0,KCl,4510,6.2,-21.62,-22.2,1.34e-06,0.000275,None,0.0,None,1e-20
38,Mechanisms of TiO\textsubscript{2} nanoparticle transport in porous media: Role of solution chemistry nanoparticle concentration and flowrate,TiO2,HE,0.1,0.015,0.46,0.00095,0.2,6.0,7.0,10.0,KCl,4510,6.2,-21.62,-22.2,1.28e-06,0.000275,None,0.0,None,1e-20
39,Application of an empirical transport model to simulate retention of nanocrystalline titanium dioxide in sand columns ,TiO2,SIR,0.3,0.015,0.38,0.00235,0.05,80.0,4.5,10.0,NaCl,4510,5.8,29.1,-22.2,5e-07,0.0002,None,0.0,None,9.73e-21
40,Application of an empirical transport model to simulate retention of nanocrystalline titanium dioxide in sand columns ,TiO2,SIR,0.3,0.015,0.38,0.0005,0.05,80.0,4.5,10.0,NaCl,4510,5.8,29.1,-22.2,5e-07,0.0002,None,0.0,None,9.73e-21
41,Application of an empirical transport model to simulate retention of nanocrystalline titanium dioxide in sand columns ,TiO2,SIR,0.3,0.015,0.38,0.00113,0.05,80.0,4.5,10.0,NaCl,4510,5.8,29.1,-22.2,5e-07,0.0002,None,0.0,None,9.73e-21
46,"Transport and retention behaviors of titanium dioxide nanoparticles in iron oxide-coated quartz sand: Effects of pH, ionic strength, and humic acid ",TiO2,SIR,0.1,0.02,0.42,4.63e-05,0.05,4.5,5.0,1.0,NaCl,4510,6.4,-45.65,26.16,4.88e-07,0.00051,IronOxide,0.001,SRHA,6.94e-21
47,"Transport and retention behaviors of titanium dioxide nanoparticles in iron oxide-coated quartz sand: Effects of pH, ionic strength, and humic acid ",TiO2,HE,0.1,0.02,0.42,4.63e-05,0.05,4.5,5.0,1.0,NaCl,4510,6.4,-49.18,26.16,5.05e-07,0.00051,IronOxide,0.01,SRHA,6.94e-21
49,"Transport and retention behaviors of titanium dioxide nanoparticles in iron oxide-coated quartz sand: Effects of pH, ionic strength, and humic acid ",TiO2,SIR,0.1,0.02,0.42,4.63e-05,0.05,4.5,5.0,10.0,NaCl,4510,6.4,-49.24,23.47,4.92e-07,0.00051,IronOxide,0.001,SRHA,6.94e-21
50,"Transport and retention behaviors of titanium dioxide nanoparticles in iron oxide-coated quartz sand: Effects of pH, ionic strength, and humic acid ",TiO2,HE,0.1,0.02,0.42,4.63e-05,0.05,4.5,5.0,10.0,NaCl,4510,6.4,-48.08,23.47,4.83e-07,0.00051,IronOxide,0.01,SRHA,6.94e-21
51,"Transport and retention behaviors of titanium dioxide nanoparticles in iron oxide-coated quartz sand: Effects of pH, ionic strength, and humic acid ",TiO2,HE,0.1,0.02,0.42,4.63e-05,0.05,4.5,5.0,0.01,CaCl2,4510,6.4,26.32,33.31,4.54e-07,0.00051,IronOxide,0.0,None,6.94e-21
54,"Transport and retention behaviors of titanium dioxide nanoparticles in iron oxide-coated quartz sand: Effects of pH, ionic strength, and humic acid ",TiO2,EXP,0.1,0.02,0.42,4.63e-05,0.05,4.5,5.0,0.05,CaCl2,4510,6.4,24.28,30.82,4.63e-07,0.00051,IronOxide,0.0,None,6.94e-21
57,"Transport and retention behaviors of titanium dioxide nanoparticles in iron oxide-coated quartz sand: Effects of pH, ionic strength, and humic acid ",TiO2,HE,0.1,0.02,0.42,4.63e-05,0.05,4.5,5.0,0.1,CaCl2,4510,6.4,20.53,27.21,5.36e-07,0.00051,IronOxide,0.0,None,6.94e-21
58,"Transport and retention behaviors of titanium dioxide nanoparticles in iron oxide-coated quartz sand: Effects of pH, ionic strength, and humic acid ",TiO2,SIR,0.1,0.02,0.42,4.63e-05,0.05,4.5,5.0,0.1,CaCl2,4510,6.4,25.59,27.21,4.68e-07,0.00051,IronOxide,0.001,SRHA,6.94e-21
59,"Transport and retention behaviors of titanium dioxide nanoparticles in iron oxide-coated quartz sand: Effects of pH, ionic strength, and humic acid ",TiO2,IRwD,0.1,0.02,0.42,4.63e-05,0.05,4.5,5.0,0.1,CaCl2,4510,6.4,-31.98,27.21,4.68e-07,0.00051,IronOxide,0.01,SRHA,6.94e-21
64,"Transport and retention behaviors of titanium dioxide nanoparticles in iron oxide-coated quartz sand: Effects of pH, ionic strength, and humic acid ",TiO2,SIR,0.1,0.02,0.42,4.63e-05,0.05,4.5,7.0,1.0,NaCl,4510,6.4,-46.79,23.29,4.72e-07,0.00051,IronOxide,0.001,SRHA,6.94e-21
65,"Transport and retention behaviors of titanium dioxide nanoparticles in iron oxide-coated quartz sand: Effects of pH, ionic strength, and humic acid ",TiO2,HE,0.1,0.02,0.42,4.63e-05,0.05,4.5,7.0,1.0,NaCl,4510,6.4,-48.02,23.29,4.78e-07,0.00051,IronOxide,0.01,SRHA,6.94e-21
67,"Transport and retention behaviors of titanium dioxide nanoparticles in iron oxide-coated quartz sand: Effects of pH, ionic strength, and humic acid ",TiO2,SIR,0.1,0.02,0.42,4.63e-05,0.05,4.5,7.0,10.0,NaCl,4510,6.4,-46.54,21.73,4.82e-07,0.00051,IronOxide,0.001,SRHA,6.94e-21
68,"Transport and retention behaviors of titanium dioxide nanoparticles in iron oxide-coated quartz sand: Effects of pH, ionic strength, and humic acid ",TiO2,HE,0.1,0.02,0.42,4.63e-05,0.05,4.5,7.0,10.0,NaCl,4510,6.4,-48.88,21.73,5.09e-07,0.00051,IronOxide,0.01,SRHA,6.94e-21
69,"Transport and retention behaviors of titanium dioxide nanoparticles in iron oxide-coated quartz sand: Effects of pH, ionic strength, and humic acid ",TiO2,EXP,0.1,0.02,0.42,4.63e-05,0.05,4.5,7.0,0.01,CaCl2,4510,6.4,-22.62,27.51,4.64e-07,0.00051,IronOxide,0.0,None,6.94e-21
72,"Transport and retention behaviors of titanium dioxide nanoparticles in iron oxide-coated quartz sand: Effects of pH, ionic strength, and humic acid ",TiO2,EXP,0.1,0.02,0.42,4.63e-05,0.05,4.5,7.0,0.05,CaCl2,4510,6.4,-19.04,25.35,5.55e-07,0.00051,IronOxide,0.0,None,6.94e-21
75,"Transport and retention behaviors of titanium dioxide nanoparticles in iron oxide-coated quartz sand: Effects of pH, ionic strength, and humic acid ",TiO2,EXP,0.1,0.02,0.42,4.63e-05,0.05,4.5,7.0,0.1,CaCl2,4510,6.4,-17.38,24.66,7.74e-07,0.00051,IronOxide,0.0,None,6.94e-21
76,"Transport and retention behaviors of titanium dioxide nanoparticles in iron oxide-coated quartz sand: Effects of pH, ionic strength, and humic acid ",TiO2,SIR,0.1,0.02,0.42,4.63e-05,0.05,4.5,7.0,0.1,CaCl2,4510,6.4,-32.37,24.66,4.54e-07,0.00051,IronOxide,0.001,SRHA,6.94e-21
77,"Transport and retention behaviors of titanium dioxide nanoparticles in iron oxide-coated quartz sand: Effects of pH, ionic strength, and humic acid ",TiO2,HE,0.1,0.02,0.42,4.63e-05,0.05,4.5,7.0,0.1,CaCl2,4510,6.4,-30.43,24.66,4.56e-07,0.00051,IronOxide,0.01,SRHA,6.94e-21
78,Transport and deposition of ZnO nanoparticles in saturated porous media,ZnO,HE,0.2,0.04,0.42,9.26e-05,0.005,3.0,8.0,0.1,CaCl2,5610,9.4,-17.9,-50.1,4.24e-07,0.00051,None,0.0,None,6.956e-21
79,Transport and deposition of ZnO nanoparticles in saturated porous media,ZnO,HE,0.2,0.04,0.42,9.26e-05,0.005,3.0,8.0,0.3,CaCl2,5610,9.4,-12.8,-47.0,4.37e-07,0.00051,None,0.0,None,6.956e-21
80,Transport and deposition of ZnO nanoparticles in saturated porous media,ZnO,HE,0.2,0.04,0.42,9.26e-05,0.005,3.0,8.0,0.5,CaCl2,5610,9.4,-11.0,-40.7,4.57e-07,0.00051,None,0.0,None,6.956e-21
81,Transport and deposition of ZnO nanoparticles in saturated porous media,ZnO,EXP,0.2,0.04,0.42,9.26e-05,0.005,3.0,8.0,1.0,CaCl2,5610,9.4,-7.8,-34.0,5.07e-07,0.00051,None,0.0,None,6.956e-21
82,Transport and deposition of ZnO nanoparticles in saturated porous media,ZnO,HE,0.2,0.04,0.42,9.26e-05,0.005,3.0,8.0,1.0,NaCl,5610,9.4,-35.2,-72.3,3.87e-07,0.00051,None,0.0,None,6.956e-21
83,Transport and deposition of ZnO nanoparticles in saturated porous media,ZnO,HE,0.2,0.04,0.42,9.26e-05,0.005,3.0,8.0,10.0,NaCl,5610,9.4,-22.3,-67.6,4.83e-07,0.00051,None,0.0,None,6.956e-21
84,Transport and deposition of ZnO nanoparticles in saturated porous media,ZnO,HE,0.2,0.04,0.42,9.26e-05,0.005,3.0,8.0,20.0,NaCl,5610,9.4,-16.2,-61.4,5.83e-07,0.00051,None,0.0,None,6.956e-21
85,Transport and deposition of ZnO nanoparticles in saturated porous media,ZnO,HE,0.2,0.04,0.42,9.26e-05,0.005,3.0,8.0,5.0,NaCl,5610,9.4,-13.3,-60.3,6.03e-07,0.00051,None,0.0,None,6.956e-21
86,Influence of natural organic matter on the transport and deposition of zinc oxide nanoparticles in saturated porous media,ZnO,HE,0.2,0.04,0.42,9.26e-05,0.005,3.0,8.0,0.1,CaCl2,5610,9.4,-17.9,-50.2,4.24e-07,0.00051,None,0.0,None,6.96e-21
87,Influence of natural organic matter on the transport and deposition of zinc oxide nanoparticles in saturated porous media,ZnO,HE,0.2,0.04,0.42,9.26e-05,0.005,3.0,8.0,0.1,CaCl2,5610,9.4,-28.0,-50.2,3.03e-07,0.00051,None,0.001,Alg,1.54e-21
88,Influence of natural organic matter on the transport and deposition of zinc oxide nanoparticles in saturated porous media,ZnO,EXP,0.2,0.04,0.42,9.26e-05,0.005,3.0,8.0,0.1,CaCl2,5610,9.4,-29.6,-50.2,2.9e-07,0.00051,None,0.001,SRHA,1.54e-21
89,Influence of natural organic matter on the transport and deposition of zinc oxide nanoparticles in saturated porous media,ZnO,HE,0.2,0.04,0.42,9.26e-05,0.005,3.0,8.0,0.3,CaCl2,5610,9.4,-14.8,-47.0,4.37e-07,0.00051,None,0.0,None,6.96e-21
90,Influence of natural organic matter on the transport and deposition of zinc oxide nanoparticles in saturated porous media,ZnO,EXP,0.2,0.04,0.42,9.26e-05,0.005,3.0,8.0,0.3,CaCl2,5610,9.4,-19.0,-47.0,3.12e-07,0.00051,None,0.001,Alg,1.54e-21
91,Influence of natural organic matter on the transport and deposition of zinc oxide nanoparticles in saturated porous media,ZnO,EXP,0.2,0.04,0.42,9.26e-05,0.005,3.0,8.0,0.3,CaCl2,5610,9.4,-13.9,-47.0,3.2e-07,0.00051,None,0.001,SRHA,1.54e-21
92,Influence of natural organic matter on the transport and deposition of zinc oxide nanoparticles in saturated porous media,ZnO,HE,0.2,0.04,0.42,9.26e-05,0.005,3.0,8.0,0.5,CaCl2,5610,9.4,-12.9,-40.7,4.57e-07,0.00051,None,0.0,None,6.96e-21
93,Influence of natural organic matter on the transport and deposition of zinc oxide nanoparticles in saturated porous media,ZnO,HE,0.2,0.04,0.42,9.26e-05,0.005,3.0,8.0,0.5,CaCl2,5610,9.4,-20.5,-40.7,3.05e-07,0.00051,None,0.001,Alg,1.54e-21
94,Influence of natural organic matter on the transport and deposition of zinc oxide nanoparticles in saturated porous media,ZnO,HE,0.2,0.04,0.42,9.26e-05,0.005,3.0,8.0,0.5,CaCl2,5610,9.4,-14.6,-40.7,3.13e-07,0.00051,None,0.001,SRHA,1.54e-21
95,Influence of natural organic matter on the transport and deposition of zinc oxide nanoparticles in saturated porous media,ZnO,EXP,0.2,0.04,0.42,9.26e-05,0.005,3.0,8.0,1.0,CaCl2,5610,9.4,-9.8,-34.0,5.07e-07,0.00051,None,0.0,None,6.96e-21
96,Influence of natural organic matter on the transport and deposition of zinc oxide nanoparticles in saturated porous media,ZnO,EXP,0.2,0.04,0.42,9.26e-05,0.005,3.0,8.0,1.0,CaCl2,5610,9.4,-11.4,-34.0,3.33e-07,0.00051,None,0.001,Alg,1.54e-21
97,Influence of natural organic matter on the transport and deposition of zinc oxide nanoparticles in saturated porous media,ZnO,HE,0.2,0.04,0.42,9.26e-05,0.005,3.0,8.0,1.0,CaCl2,5610,9.4,-11.1,-34.0,3.21e-07,0.00051,None,0.001,SRHA,1.54e-21
98,Influence of natural organic matter on the transport and deposition of zinc oxide nanoparticles in saturated porous media,ZnO,HE,0.2,0.04,0.42,9.26e-05,0.005,3.0,8.0,10.0,NaCl,5610,9.4,-19.2,-61.4,5.83e-07,0.00051,None,0.0,None,6.96e-21
99,Influence of natural organic matter on the transport and deposition of zinc oxide nanoparticles in saturated porous media,ZnO,SIR,0.2,0.04,0.42,9.26e-05,0.005,3.0,8.0,10.0,NaCl,5610,9.4,-27.2,-61.4,2.99e-07,0.00051,None,0.001,SRHA,1.54e-21
100,Influence of natural organic matter on the transport and deposition of zinc oxide nanoparticles in saturated porous media,ZnO,HE,0.2,0.04,0.42,9.26e-05,0.005,3.0,8.0,10.0,NaCl,5610,9.4,-25.9,-61.4,3.19e-07,0.00051,None,0.001,Alg,1.54e-21
101,Influence of natural organic matter on the transport and deposition of zinc oxide nanoparticles in saturated porous media,ZnO,HE,0.2,0.04,0.42,9.26e-05,0.005,3.0,8.0,1.0,NaCl,5610,9.4,-35.2,-72.3,3.87e-07,0.00051,None,0.0,None,6.96e-21
102,Influence of natural organic matter on the transport and deposition of zinc oxide nanoparticles in saturated porous media,ZnO,HE,0.2,0.04,0.42,9.26e-05,0.005,3.0,8.0,1.0,NaCl,5610,9.4,-54.7,-72.3,2.87e-07,0.00051,None,0.001,SRHA,1.54e-21
103,Influence of natural organic matter on the transport and deposition of zinc oxide nanoparticles in saturated porous media,ZnO,EXP,0.2,0.04,0.42,9.26e-05,0.005,3.0,8.0,1.0,NaCl,5610,9.4,-52.3,-72.3,2.99e-07,0.00051,None,0.001,Alg,1.54e-21
104,Influence of natural organic matter on the transport and deposition of zinc oxide nanoparticles in saturated porous media,ZnO,HE,0.2,0.04,0.42,9.26e-05,0.005,3.0,8.0,20.0,NaCl,5610,9.4,-15.3,-60.3,6.03e-07,0.00051,None,0.0,None,6.96e-21
105,Influence of natural organic matter on the transport and deposition of zinc oxide nanoparticles in saturated porous media,ZnO,HE,0.2,0.04,0.42,9.26e-05,0.005,3.0,8.0,20.0,NaCl,5610,9.4,-21.3,-60.3,3.14e-07,0.00051,None,0.001,SRHA,1.54e-21
106,Influence of natural organic matter on the transport and deposition of zinc oxide nanoparticles in saturated porous media,ZnO,HE,0.2,0.04,0.42,9.26e-05,0.005,3.0,8.0,20.0,NaCl,5610,9.4,-19.7,-60.3,3.21e-07,0.00051,None,0.001,Alg,1.54e-21
107,Influence of natural organic matter on the transport and deposition of zinc oxide nanoparticles in saturated porous media,ZnO,HE,0.2,0.04,0.42,9.26e-05,0.005,3.0,8.0,5.0,NaCl,5610,9.4,-25.3,-67.6,4.83e-07,0.00051,None,0.0,None,6.96e-21
108,Influence of natural organic matter on the transport and deposition of zinc oxide nanoparticles in saturated porous media,ZnO,EXP,0.2,0.04,0.42,9.26e-05,0.005,3.0,8.0,5.0,NaCl,5610,9.4,-34.8,-67.6,2.89e-07,0.00051,None,0.001,SRHA,1.54e-21
109,Influence of natural organic matter on the transport and deposition of zinc oxide nanoparticles in saturated porous media,ZnO,HE,0.2,0.04,0.42,9.26e-05,0.005,3.0,8.0,5.0,NaCl,5610,9.4,-31.8,-67.6,3.02e-07,0.00051,None,0.001,Alg,1.54e-21
110,Fate and transport of elemental copper (Cu\textsuperscript{0}) nanoparticles through saturated porous media in the presence of organic materials ,CuO,SIR,0.3,0.015,0.44,0.000261,0.00962,6.0,6.55,0.0,NaCl,8940,10.0,-4.14,-58.0,3e-07,0.000256,None,0.001,TRIZMA,1e-20
111,Fate and transport of elemental copper (Cu\textsuperscript{0}) nanoparticles through saturated porous media in the presence of organic materials ,CuO,HE,0.3,0.015,0.44,0.000261,0.00865,6.0,8.61,100.0,NaCl,8940,10.0,-36.6,-41.0,3e-07,0.000256,None,0.001,TRIZMA,1e-20
112,Fate and transport of elemental copper (Cu\textsuperscript{0}) nanoparticles through saturated porous media in the presence of organic materials ,CuO,HE,0.3,0.015,0.44,0.000261,0.00857,6.0,8.57,0.0,NaCl,8940,10.0,-16.3,-50.0,3e-07,0.000256,None,0.001,TRIZMA,1e-20
113,Fate and transport of elemental copper (Cu\textsuperscript{0}) nanoparticles through saturated porous media in the presence of organic materials ,CuO,EXP,0.3,0.015,0.44,0.000261,0.00432,6.0,6.44,0.0,NaCl,8940,10.0,-26.5,-38.0,3e-07,0.000256,None,0.01,SRHA,1e-20
114,Fate and transport of elemental copper (Cu\textsuperscript{0}) nanoparticles through saturated porous media in the presence of organic materials ,CuO,EXP,0.3,0.015,0.44,0.000261,0.00557,6.0,6.52,0.0,NaCl,8940,10.0,-27.5,-31.0,3e-07,0.000256,None,0.001,SRHA,1e-20
115,Fate and transport of elemental copper (Cu\textsuperscript{0}) nanoparticles through saturated porous media in the presence of organic materials ,CuO,EXP,0.3,0.015,0.44,0.000261,0.00441,6.0,6.63,0.0,NaCl,8940,10.0,-22.9,-31.0,3e-07,0.000256,None,0.001,SRHA,1e-20
116,Fate and transport of elemental copper (Cu\textsuperscript{0}) nanoparticles through saturated porous media in the presence of organic materials ,CuO,EXP,0.3,0.015,0.44,0.000261,0.0112,6.0,6.63,0.0,NaCl,8940,10.0,-25.8,-35.0,3e-07,0.000256,None,0.005,SRHA,1e-20
117,Fate and transport of elemental copper (Cu\textsuperscript{0}) nanoparticles through saturated porous media in the presence of organic materials ,CuO,EXP,0.3,0.015,0.44,0.000261,0.00745,6.0,6.75,0.0,NaCl,8940,10.0,-24.9,-31.0,3e-07,0.000256,None,0.001,SRHA,1e-20
118,Fate and transport of elemental copper (Cu\textsuperscript{0}) nanoparticles through saturated porous media in the presence of organic materials ,CuO,EXP,0.3,0.015,0.44,0.000261,0.00498,6.0,6.7,0.0,NaCl,8940,10.0,-26.6,-31.0,3e-07,0.000256,None,0.001,FA,1e-20
119,Transport and retention of zinc oxide nanoparticles in porous media: Effects of natural organic matter versus natural organic ligands at circumneutral pH,ZnO,HE,0.3,0.015,0.44,9.42e-05,0.005035,8.0,7.56,0.0,None,5600,9.5,22.0,-41.0,1.45e-07,0.000256,None,0.0,None,1.89e-20
120,Transport and retention of zinc oxide nanoparticles in porous media: Effects of natural organic matter versus natural organic ligands at circumneutral pH,ZnO,SIR,0.3,0.015,0.44,9.42e-05,0.00819,8.0,7.34,0.0,None,5600,9.5,-26.3,-32.3,1.45e-07,0.000256,None,0.001,FA,1.89e-20
121,Transport and retention of zinc oxide nanoparticles in porous media: Effects of natural organic matter versus natural organic ligands at circumneutral pH,ZnO,SIR,0.3,0.015,0.44,9.42e-05,0.00861,8.0,7.52,0.0,None,5600,9.5,-28.7,-32.3,1.45e-07,0.000256,None,0.001,HA,1.89e-20
122,Transport and retention of zinc oxide nanoparticles in porous media: Effects of natural organic matter versus natural organic ligands at circumneutral pH,ZnO,SIR,0.3,0.015,0.44,9.42e-05,0.00817,8.0,7.33,0.0,None,5600,9.5,-27.4,-31.4,1.45e-07,0.000256,None,0.001,HA,1.89e-20
123,Transport and retention of zinc oxide nanoparticles in porous media: Effects of natural organic matter versus natural organic ligands at circumneutral pH,ZnO,SIR,0.3,0.015,0.44,9.42e-05,0.007405,8.0,7.45,0.0,None,5600,9.5,-22.3,-31.4,1.45e-07,0.000256,None,0.001,FA,1.89e-20
124,Transport and retention of zinc oxide nanoparticles in porous media: Effects of natural organic matter versus natural organic ligands at circumneutral pH,ZnO,HE,0.3,0.015,0.44,9.42e-05,0.00661,8.0,7.39,0.0,None,5600,9.5,-14.1,-46.0,1.45e-07,0.000256,None,0.000768496,Citric,1.89e-20
125,Transport and retention of zinc oxide nanoparticles in porous media: Effects of natural organic matter versus natural organic ligands at circumneutral pH,ZnO,HE,0.3,0.015,0.44,9.42e-05,0.00466,8.0,7.62,0.0,None,5600,9.5,15.3,-43.5,1.45e-07,0.000256,None,0.0007202792,Oxalic,1.89e-20
126,Transport and retention of zinc oxide nanoparticles in porous media: Effects of natural organic matter versus natural organic ligands at circumneutral pH,ZnO,HE,0.3,0.015,0.44,9.42e-05,0.00433,8.0,7.54,0.0,None,5600,9.5,23.7,-42.5,1.45e-07,0.000256,None,0.0007364064,Formic,1.89e-20
127,Transport and retention of multi-walled carbon nanotubes in saturated porous media: Effects of input concentration and grain size ,MWCNT,HE,0.12,0.03,0.45,0.000237,0.001,2.2,8.5,1.0,KCl,1730,4.7,-7.0,-78.0,1.9e-07,0.00024,None,0.0,None,9.8e-21
128,Transport and retention of multi-walled carbon nanotubes in saturated porous media: Effects of input concentration and grain size ,MWCNT,HE,0.12,0.03,0.44,0.000242,5e-06,3.0,8.5,1.0,KCl,1730,4.7,-7.0,-78.0,1.9e-07,0.00035,None,0.0,None,9.8e-21
129,Transport and retention of multi-walled carbon nanotubes in saturated porous media: Effects of input concentration and grain size ,MWCNT,HE,0.12,0.03,0.38,0.000277,1e-05,2.5,8.5,1.0,KCl,1730,4.7,-7.0,-78.0,1.9e-07,0.00035,None,0.0,None,9.8e-21
130,Transport and retention of multi-walled carbon nanotubes in saturated porous media: Effects of input concentration and grain size ,MWCNT,HE,0.12,0.03,0.43,0.000255,5e-06,3.0,8.5,1.0,KCl,1730,4.7,-7.0,-78.0,1.9e-07,0.00035,None,0.0,None,9.8e-21
131,Transport and retention of multi-walled carbon nanotubes in saturated porous media: Effects of input concentration and grain size ,MWCNT,HE,0.12,0.03,0.46,0.000238,0.001,3.2,8.5,1.0,KCl,1730,4.7,-7.0,-78.0,4.51e-08,0.000607,None,0.0,None,9.8e-21
132,Sensitivity of the transport and retention of stabilized silver nanoparticles to physicochemical factors ,Ag,EXP,0.12,0.03,0.396,0.000117,0.001,2.68,6.5,1.0,KNO3,10500,1.3,-16.9,-55.0,4.51e-08,0.000607,None,0.0,None,2.37e-21
133,Sensitivity of the transport and retention of stabilized silver nanoparticles to physicochemical factors ,Ag,SIR,0.12,0.03,0.415,0.000117,0.01,2.56,6.5,1.0,KNO3,10500,1.3,-16.9,-55.0,4.51e-08,0.000607,None,0.0,None,2.37e-21
134,Sensitivity of the transport and retention of stabilized silver nanoparticles to physicochemical factors ,Ag,SIR,0.12,0.03,0.429,0.000117,0.005,2.47,6.5,1.0,KNO3,10500,1.3,-16.9,-55.0,4.51e-08,0.000607,None,0.0,None,2.37e-21
135,Sensitivity of the transport and retention of stabilized silver nanoparticles to physicochemical factors ,Ag,SIR,0.12,0.03,0.418,0.000117,0.01,2.54,6.5,1.0,KNO3,10500,1.3,-16.9,-55.0,4.51e-08,0.000607,None,0.0,None,2.37e-21
136,Sensitivity of the transport and retention of stabilized silver nanoparticles to physicochemical factors ,Ag,SIR,0.12,0.03,0.388,0.000117,0.01,2.73,6.5,2.5,KNO3,10500,1.3,-7.5,-55.4,4.82e-08,0.000607,None,0.0,None,2.37e-21
137,Sensitivity of the transport and retention of stabilized silver nanoparticles to physicochemical factors ,Ag,SIR,0.12,0.03,0.403,0.000117,0.01,2.63,6.5,5.0,KNO3,10500,1.3,-3.2,-55.3,6.07e-08,0.000607,None,0.0,None,2.37e-21
138,Sensitivity of the transport and retention of stabilized silver nanoparticles to physicochemical factors ,Ag,LD,0.12,0.03,0.427,5e-06,0.01,2.48,6.5,1.0,KNO3,10500,1.3,-16.9,-55.0,4.51e-08,0.000607,None,0.0,None,2.37e-21
139,Sensitivity of the transport and retention of stabilized silver nanoparticles to physicochemical factors ,Ag,SIR,0.12,0.03,0.393,2.33e-05,0.01,2.7,6.5,1.0,KNO3,10500,1.3,-16.9,-55.0,4.51e-08,0.000607,None,0.0,None,2.37e-21
140,Sensitivity of the transport and retention of stabilized silver nanoparticles to physicochemical factors ,Ag,SIR,0.12,0.03,0.411,0.000117,0.01,2.58,6.5,5.0,KNO3,10500,1.3,-3.2,-55.3,6.07e-08,0.000607,None,0.0,None,2.37e-21
141,Sensitivity of the transport and retention of stabilized silver nanoparticles to physicochemical factors ,Ag,SIR,0.12,0.03,0.428,0.000117,0.01,2.48,6.5,5.0,KNO3,10500,1.3,-3.2,-55.3,6.07e-08,0.000607,None,0.0,None,2.37e-21
142,Sensitivity of the transport and retention of stabilized silver nanoparticles to physicochemical factors ,Ag,SIR,0.12,0.03,0.403,0.000117,0.01,2.63,6.5,5.0,KNO3,10500,1.3,-3.2,-55.3,6.07e-08,0.000607,None,0.0,None,2.37e-21
143,Influence of Collector Surface Composition and Water Chemistry on the Deposition of Cerium Dioxide Nanoparticles: QCM-D and Column Experiment Approaches ,CeO2,EXP,0.15,0.025,0.387,5.11e-05,0.0351,6.0,4.0,10.0,NaCl,7220,6.8,32.7,-31.7,1.97e-07,0.000275,None,0.0,None,9.07e-21
144,Influence of Collector Surface Composition and Water Chemistry on the Deposition of Cerium Dioxide Nanoparticles: QCM-D and Column Experiment Approaches ,CeO2,HE,0.15,0.025,0.387,5.11e-05,0.0439,6.0,6.0,10.0,NaCl,7220,6.8,13.4,-45.7,2.19e-06,0.000275,None,0.0,None,9.07e-21
145,Influence of Collector Surface Composition and Water Chemistry on the Deposition of Cerium Dioxide Nanoparticles: QCM-D and Column Experiment Approaches ,CeO2,HE,0.15,0.025,0.387,5.11e-05,0.0372,6.0,8.5,10.0,NaCl,7220,6.8,-32.5,-54.4,6.19e-07,0.000275,None,0.0,None,9.07e-21
146,Transport of Ferrihydrite Nanoparticles in Saturated Porous Media: Role of Ionic Strength and Flow Rate ,Fe,LD,0.112,0.016,0.45,0.000155,0.0075,18.0,10.0,3.0,NaCl,3800,8.8,-32.4,-30.8,1.07e-07,0.000194,None,0.0,None,2.1e-20
147,Transport of Ferrihydrite Nanoparticles in Saturated Porous Media: Role of Ionic Strength and Flow Rate ,Fe,HE,0.112,0.016,0.45,0.000155,0.0075,18.0,10.0,5.0,NaCl,3800,8.8,-30.1,-28.3,1.07e-07,0.000194,None,0.0,None,2.1e-20
148,Transport of Ferrihydrite Nanoparticles in Saturated Porous Media: Role of Ionic Strength and Flow Rate ,Fe,LD,0.112,0.016,0.45,0.000155,0.0075,18.0,10.0,10.0,NaCl,3800,8.8,-27.2,-22.2,1.07e-07,0.000194,None,0.0,None,2.1e-20
149,Transport of Ferrihydrite Nanoparticles in Saturated Porous Media: Role of Ionic Strength and Flow Rate ,Fe,EXP,0.112,0.016,0.45,0.000233,0.0075,18.0,10.0,10.0,NaCl,3800,8.8,-27.2,-22.2,1.07e-07,0.000194,None,0.0,None,2.1e-20
153,Transport and Retention of Nanoscale C\textsubscript{60} Aggregates in Water-Saturated Porous Media ,C60,HE,0.15,0.025,0.38,3.24e-05,0.00244,3.0,7.0,3.07,CaCl2,1450,3.0,-23.9,-55.0,9.5e-08,0.00036,None,0.0,None,4.71e-21
154,Transport and Retention of Nanoscale C\textsubscript{60} Aggregates in Water-Saturated Porous Media ,C60,HE,0.15,0.025,0.38,3.24e-05,0.00134,3.0,7.0,3.07,CaCl2,1450,3.0,-23.9,-55.0,9.5e-08,0.00036,None,0.0,None,4.71e-21
155,Transport and Retention of Nanoscale C\textsubscript{60} Aggregates in Water-Saturated Porous Media ,C60,EXP,0.15,0.025,0.38,3.24e-05,0.00134,3.0,7.0,3.07,CaCl2,1450,3.0,-23.9,-55.0,9.5e-08,0.00036,None,0.0,None,4.71e-21
156,Transport and Retention of Nanoscale C\textsubscript{60} Aggregates in Water-Saturated Porous Media ,C60,IRwD,0.15,0.025,0.37,3.16e-05,0.00225,4.56,7.0,3.07,CaCl2,1450,3.0,-23.9,-30.0,9.5e-08,0.00036,None,0.0,None,4.71e-21
157,Transport and Retention of Nanoscale C\textsubscript{60} Aggregates in Water-Saturated Porous Media ,C60,SIR,0.15,0.025,0.37,3.16e-05,0.00134,3.0,7.0,3.07,CaCl2,1450,3.0,-23.9,-30.0,9.5e-08,0.00036,None,0.0,None,4.71e-21
158,Facilitated transport of Cu with hydroxyapatite nanoparticles in saturated sand: Effects of solution ionic strength and composition ,nHAP,HE,0.2,0.026,0.4,0.000167,0.2,3.75,5.7,0.0,NaCl,3200,5.0,-53.0,-79.6,1e-07,0.0006,None,0.0,None,1e-20
159,Facilitated transport of Cu with hydroxyapatite nanoparticles in saturated sand: Effects of solution ionic strength and composition ,nHAP,HE,0.2,0.026,0.4,0.000167,0.2,3.75,5.8,1.0,NaCl,3200,5.0,-35.2,-71.0,1.02e-07,0.0006,None,0.0,None,1e-20
160,Facilitated transport of Cu with hydroxyapatite nanoparticles in saturated sand: Effects of solution ionic strength and composition ,nHAP,HE,0.2,0.026,0.4,0.000167,0.2,3.75,5.9,10.0,NaCl,3200,5.0,-31.4,-50.2,1.08e-07,0.0006,None,0.0,None,1e-20
161,Facilitated transport of Cu with hydroxyapatite nanoparticles in saturated sand: Effects of solution ionic strength and composition ,nHAP,HE,0.2,0.026,0.4,0.000167,0.2,3.75,5.8,50.0,NaCl,3200,5.0,-25.8,-30.58,1.19e-07,0.0006,None,0.0,None,1e-20
162,Facilitated transport of Cu with hydroxyapatite nanoparticles in saturated sand: Effects of solution ionic strength and composition ,nHAP,HE,0.2,0.026,0.4,0.000167,0.2,3.75,5.8,100.0,NaCl,3200,5.0,-20.0,-24.7,1.33e-07,0.0006,None,0.0,None,1e-20
163,Facilitated transport of Cu with hydroxyapatite nanoparticles in saturated sand: Effects of solution ionic strength and composition ,nHAP,HE,0.2,0.026,0.4,0.000167,0.2,3.75,5.9,0.1,CaCl2,3200,5.0,-34.9,-47.0,1.03e-07,0.0006,None,0.0,None,1e-20
164,Facilitated transport of Cu with hydroxyapatite nanoparticles in saturated sand: Effects of solution ionic strength and composition ,nHAP,HE,0.2,0.026,0.4,0.000167,0.2,3.75,5.8,0.3,CaCl2,3200,5.0,-31.5,-36.2,1.09e-07,0.0006,None,0.0,None,1e-20
165,Facilitated transport of Cu with hydroxyapatite nanoparticles in saturated sand: Effects of solution ionic strength and composition ,nHAP,HE,0.2,0.026,0.4,0.000167,0.2,3.75,5.7,0.5,CaCl2,3200,5.0,-28.4,-31.7,1.14e-07,0.0006,None,0.0,None,1e-20
166,Facilitated transport of Cu with hydroxyapatite nanoparticles in saturated sand: Effects of solution ionic strength and composition ,nHAP,HE,0.2,0.026,0.4,0.000167,0.2,3.75,5.7,1.0,CaCl2,3200,5.0,-22.1,-26.0,1.35e-07,0.0006,None,0.0,None,1e-20
167,Transport of ARS-labeled hydroxyapatite nanoparticles in saturated granular media is influenced by surface charge variability even in the presence of humic acid ,nHAP,HE,0.2,0.026,0.39,7.5e-05,0.01,4.0,7.2,0.1,NaCl,3160,5.0,-58.7,-63.2,2.5e-07,0.0006,None,0.01,HA,2.94e-21
168,Transport of ARS-labeled hydroxyapatite nanoparticles in saturated granular media is influenced by surface charge variability even in the presence of humic acid ,nHAP,HE,0.2,0.026,0.39,7.5e-05,0.01,4.0,7.2,1.0,NaCl,3160,5.0,-48.5,-60.3,2.92e-07,0.0006,None,0.01,HA,2.94e-21
169,Transport of ARS-labeled hydroxyapatite nanoparticles in saturated granular media is influenced by surface charge variability even in the presence of humic acid ,nHAP,HE,0.2,0.026,0.39,7.5e-05,0.01,4.0,7.2,10.0,NaCl,3160,5.0,-38.5,-37.1,4.18e-07,0.0006,None,0.01,HA,2.94e-21
170,Transport of ARS-labeled hydroxyapatite nanoparticles in saturated granular media is influenced by surface charge variability even in the presence of humic acid ,nHAP,HE,0.2,0.026,0.39,7.5e-05,0.01,4.0,7.2,50.0,NaCl,3160,5.0,-27.7,-21.4,6.38e-07,0.0006,None,0.01,HA,2.94e-21
171,Transport of Biochar Particles in Saturated Granular Media: Effects of Pyrolysis Temperature and Particle Size,nBiochar,HE,0.2,0.026,0.39,8e-05,0.2,3.0,6.8,0.1,NaHCO3,1760,2.75,-36.6,-68.1,1.26e-07,0.00055,None,0.0,None,6.19e-20
172,Transport of Biochar Particles in Saturated Granular Media: Effects of Pyrolysis Temperature and Particle Size,nBiochar,HE,0.2,0.026,0.39,8e-05,0.2,3.0,6.7,0.1,NaHCO3,1760,2.75,-32.9,-66.4,1.06e-07,0.00055,None,0.0,None,6.19e-20
173,Transport of Biochar Particles in Saturated Granular Media: Effects of Pyrolysis Temperature and Particle Size,nBiochar,HE,0.2,0.026,0.39,8e-05,0.2,3.0,6.7,0.1,NaHCO3,1760,2.75,-34.0,-66.4,1.05e-07,0.00055,None,0.0,None,6.19e-20
174,Transport of Biochar Particles in Saturated Granular Media: Effects of Pyrolysis Temperature and Particle Size,nBiochar,HE,0.2,0.026,0.39,8e-05,0.2,3.0,6.8,0.1,NaHCO3,1760,2.75,-28.9,-68.1,9.8e-08,0.00055,None,0.0,None,6.19e-20
175,Antagonistic Effects of Humic Acid and Iron Oxyhydroxide Grain-Coating on Biochar Nanoparticle Transport in Saturated Sand,nBiochar,EXP,0.2,0.026,0.4,1.53e-05,0.3,3.0,6.9,0.1,NaCl,1760,2.75,-36.6,-68.8,1.26e-07,0.0006,None,0.0,None,5.94e-21
176,Antagonistic Effects of Humic Acid and Iron Oxyhydroxide Grain-Coating on Biochar Nanoparticle Transport in Saturated Sand,nBiochar,HE,0.2,0.026,0.4,1.53e-05,0.3,3.0,6.9,0.1,NaCl,1760,2.75,-43.4,-69.6,1.26e-07,0.0006,None,0.001,HA,2.94e-21
177,Antagonistic Effects of Humic Acid and Iron Oxyhydroxide Grain-Coating on Biochar Nanoparticle Transport in Saturated Sand,nBiochar,HE,0.2,0.026,0.41,1.57e-05,0.3,3.0,6.9,0.1,NaCl,1760,2.75,-45.9,-69.4,1.26e-07,0.0006,None,0.005,HA,2.94e-21
178,Antagonistic Effects of Humic Acid and Iron Oxyhydroxide Grain-Coating on Biochar Nanoparticle Transport in Saturated Sand,nBiochar,EXP,0.2,0.026,0.42,1.61e-05,0.3,3.0,6.9,0.1,NaCl,1760,2.75,-46.8,-69.2,1.26e-07,0.0006,None,0.01,HA,2.94e-21
179,Antagonistic Effects of Humic Acid and Iron Oxyhydroxide Grain-Coating on Biochar Nanoparticle Transport in Saturated Sand,nBiochar,LD,0.2,0.026,0.4,1.53e-05,0.3,3.0,6.9,0.1,NaCl,1760,2.75,-36.6,-48.2,1.26e-07,0.0006,IronOxide,0.0,None,1.07e-20
180,Antagonistic Effects of Humic Acid and Iron Oxyhydroxide Grain-Coating on Biochar Nanoparticle Transport in Saturated Sand,nBiochar,EXP,0.2,0.026,0.4,1.53e-05,0.3,3.0,6.9,0.1,NaCl,1760,2.75,-36.6,-37.7,1.26e-07,0.0006,IronOxide,0.0,None,1.07e-20
181,Antagonistic Effects of Humic Acid and Iron Oxyhydroxide Grain-Coating on Biochar Nanoparticle Transport in Saturated Sand,nBiochar,HE,0.2,0.026,0.38,1.52e-05,0.3,3.0,6.9,0.1,NaCl,1760,2.75,-36.6,-25.4,1.26e-07,0.0006,IronOxide,0.0,None,1.07e-20
182,Antagonistic Effects of Humic Acid and Iron Oxyhydroxide Grain-Coating on Biochar Nanoparticle Transport in Saturated Sand,nBiochar,HE,0.2,0.026,0.42,1.61e-05,0.3,3.0,6.9,0.1,NaCl,1760,2.75,-43.4,-39.2,1.26e-07,0.0006,IronOxide,0.001,HA,5.29e-21
183,Antagonistic Effects of Humic Acid and Iron Oxyhydroxide Grain-Coating on Biochar Nanoparticle Transport in Saturated Sand,nBiochar,SIR,0.2,0.026,0.42,1.54e-05,0.3,3.0,6.9,0.1,NaCl,1760,2.75,-45.9,-43.9,1.26e-07,0.0006,IronOxide,0.005,HA,5.29e-21
184,Antagonistic Effects of Humic Acid and Iron Oxyhydroxide Grain-Coating on Biochar Nanoparticle Transport in Saturated Sand,nBiochar,LD,0.2,0.026,0.42,1.54e-05,0.3,3.0,6.9,0.1,NaCl,1760,2.75,-46.8,-45.1,1.26e-07,0.0006,IronOxide,0.01,HA,5.29e-21
185,Antagonistic Effects of Humic Acid and Iron Oxyhydroxide Grain-Coating on Biochar Nanoparticle Transport in Saturated Sand,nBiochar,HE,0.2,0.026,0.39,1.5e-05,0.3,3.0,6.9,0.1,NaCl,1760,2.75,-32.9,-68.8,1.06e-07,0.0006,None,0.0,None,5.94e-21
186,Antagonistic Effects of Humic Acid and Iron Oxyhydroxide Grain-Coating on Biochar Nanoparticle Transport in Saturated Sand,nBiochar,HE,0.2,0.026,0.38,1.46e-05,0.3,3.0,6.9,0.1,NaCl,1760,2.75,-37.9,-69.6,1.06e-07,0.0006,None,0.001,HA,2.94e-21
187,Antagonistic Effects of Humic Acid and Iron Oxyhydroxide Grain-Coating on Biochar Nanoparticle Transport in Saturated Sand,nBiochar,HE,0.2,0.026,0.4,1.53e-05,0.3,3.0,6.9,0.1,NaCl,1760,2.75,-38.7,-69.4,1.06e-07,0.0006,None,0.005,HA,2.94e-21
188,Antagonistic Effects of Humic Acid and Iron Oxyhydroxide Grain-Coating on Biochar Nanoparticle Transport in Saturated Sand,nBiochar,EXP,0.2,0.026,0.39,1.5e-05,0.3,3.0,7.0,0.1,NaCl,1760,2.75,-39.3,-69.2,1.06e-07,0.0006,None,0.01,HA,2.94e-21
189,Antagonistic Effects of Humic Acid and Iron Oxyhydroxide Grain-Coating on Biochar Nanoparticle Transport in Saturated Sand,nBiochar,HE,0.2,0.026,0.4,1.6e-05,0.3,3.0,6.9,0.1,NaCl,1760,2.75,-32.9,-25.4,1.06e-07,0.0006,IronOxide,0.0,None,1.07e-20
190,Antagonistic Effects of Humic Acid and Iron Oxyhydroxide Grain-Coating on Biochar Nanoparticle Transport in Saturated Sand,nBiochar,EXP,0.2,0.026,0.41,1.64e-05,0.3,3.0,6.9,0.1,NaCl,1760,2.75,-32.9,-37.7,1.06e-07,0.0006,IronOxide,0.0,None,1.07e-20
191,Antagonistic Effects of Humic Acid and Iron Oxyhydroxide Grain-Coating on Biochar Nanoparticle Transport in Saturated Sand,nBiochar,EXP,0.2,0.026,0.4,1.6e-05,0.3,3.0,6.9,0.1,NaCl,1760,2.75,-32.9,-48.2,1.06e-07,0.0006,IronOxide,0.0,None,1.07e-20
192,Antagonistic Effects of Humic Acid and Iron Oxyhydroxide Grain-Coating on Biochar Nanoparticle Transport in Saturated Sand,nBiochar,HE,0.2,0.026,0.4,1.53e-05,0.3,3.0,6.9,0.1,NaCl,1760,2.75,-37.9,-39.2,1.06e-07,0.0006,IronOxide,0.001,HA,5.29e-21
193,Antagonistic Effects of Humic Acid and Iron Oxyhydroxide Grain-Coating on Biochar Nanoparticle Transport in Saturated Sand,nBiochar,EXP,0.2,0.026,0.41,1.57e-05,0.3,3.0,6.9,0.1,NaCl,1760,2.75,-38.7,-43.9,1.06e-07,0.0006,IronOxide,0.005,HA,5.29e-21
194,Antagonistic Effects of Humic Acid and Iron Oxyhydroxide Grain-Coating on Biochar Nanoparticle Transport in Saturated Sand,nBiochar,HE,0.2,0.026,0.41,1.57e-05,0.3,3.0,6.9,0.1,NaCl,1760,2.75,-39.3,-45.1,1.06e-07,0.0006,IronOxide,0.01,HA,5.29e-21
195,Transport of bare and capped zinc oxide nanoparticles is dependent on porous medium composition ,ZnO,HE,0.12,0.01,0.35,1e-05,0.0125,3.0,8.0,5.0,NaCl,5610,9.5,1.45,-33.2,5e-08,0.000235,None,0.0,None,1e-20
196,Transport of bare and capped zinc oxide nanoparticles is dependent on porous medium composition ,ZnO,HE,0.12,0.01,0.4,1e-05,0.0125,3.0,8.0,5.0,NaCl,5610,9.5,1.45,-35.17,5e-08,0.0005,None,0.0,None,1.7e-20
197,Transport of bare and capped zinc oxide nanoparticles is dependent on porous medium composition ,ZnO,HE,0.12,0.01,0.35,1e-05,0.0125,3.0,8.0,5.0,NaCl,5610,9.5,1.45,-53.94,5e-08,0.000235,None,0.0,None,6.95e-21
198,Transport of bare and capped zinc oxide nanoparticles is dependent on porous medium composition ,ZnO,HE,0.12,0.01,0.35,1e-05,0.0125,3.0,8.0,5.0,NaCl,5610,9.5,21.0,-33.2,7.2e-08,0.000235,None,0.0,None,1e-20
199,Transport of bare and capped zinc oxide nanoparticles is dependent on porous medium composition ,ZnO,EXP,0.12,0.01,0.4,1e-05,0.0125,3.0,8.0,5.0,NaCl,5610,9.5,21.0,-35.17,7.2e-08,0.0005,None,0.0,None,1.7e-20
200,Transport of bare and capped zinc oxide nanoparticles is dependent on porous medium composition ,ZnO,HE,0.12,0.01,0.35,1e-05,0.0125,3.0,8.0,5.0,NaCl,5610,9.5,21.0,-53.94,7.2e-08,0.000235,None,0.0,None,6.95e-21
201,Initial transport and retention behaviors of ZnO nanoparticles in quartz sand porous media coated with Escherichia coli biofilm ,ZnO,HE,0.2,0.04,0.42,9.25928e-05,0.005,3.0,8.0,0.1,NaCl,5610,9.5,-38.6,-76.9,3.171e-07,0.00051,None,0.0,None,6.96e-21
202,Initial transport and retention behaviors of ZnO nanoparticles in quartz sand porous media coated with Escherichia coli biofilm ,ZnO,HE,0.2,0.04,0.42,9.25928e-05,0.005,3.0,8.0,0.5,NaCl,5610,9.5,-36.7,-75.2,3.256e-07,0.00051,None,0.0,None,6.96e-21
203,Initial transport and retention behaviors of ZnO nanoparticles in quartz sand porous media coated with Escherichia coli biofilm ,ZnO,HE,0.2,0.04,0.42,9.25928e-05,0.005,3.0,8.0,1.0,NaCl,5610,9.5,-35.2,-72.3,3.871e-07,0.00051,None,0.0,None,6.96e-21
204,Initial transport and retention behaviors of ZnO nanoparticles in quartz sand porous media coated with Escherichia coli biofilm ,ZnO,HE,0.2,0.04,0.42,9.25928e-05,0.005,3.0,8.0,5.0,NaCl,5610,9.5,-22.3,-67.6,4.832e-07,0.00051,None,0.0,None,6.96e-21
205,Initial transport and retention behaviors of ZnO nanoparticles in quartz sand porous media coated with Escherichia coli biofilm ,ZnO,HE,0.2,0.04,0.42,9.25928e-05,0.005,3.0,8.0,0.5,CaCl2,5610,9.5,-25.0,-54.8,3.483e-07,0.00051,None,0.0,None,6.96e-21
206,Initial transport and retention behaviors of ZnO nanoparticles in quartz sand porous media coated with Escherichia coli biofilm ,ZnO,HE,0.2,0.04,0.42,9.25928e-05,0.005,3.0,8.0,0.1,CaCl2,5610,9.5,-17.9,-50.2,4.242e-07,0.00051,None,0.0,None,6.96e-21
207,Initial transport and retention behaviors of ZnO nanoparticles in quartz sand porous media coated with Escherichia coli biofilm ,ZnO,HE,0.2,0.04,0.42,9.25928e-05,0.005,3.0,8.0,0.3,CaCl2,5610,9.5,-13.9,-47.0,4.367e-07,0.00051,None,0.0,None,6.96e-21
208,Initial transport and retention behaviors of ZnO nanoparticles in quartz sand porous media coated with Escherichia coli biofilm ,ZnO,HE,0.2,0.04,0.42,9.25928e-05,0.005,3.0,8.0,0.5,CaCl2,5610,9.5,-10.9,-40.7,4.572e-07,0.00051,None,0.0,None,6.96e-21
209,Initial transport and retention behaviors of ZnO nanoparticles in quartz sand porous media coated with Escherichia coli biofilm ,ZnO,HE,0.2,0.04,0.42,4.62964e-05,0.005,3.0,8.0,0.1,NaCl,5610,9.5,-38.6,-76.9,3.171e-07,0.00051,None,0.0,None,6.96e-21
210,Initial transport and retention behaviors of ZnO nanoparticles in quartz sand porous media coated with Escherichia coli biofilm ,ZnO,HE,0.2,0.04,0.42,4.62964e-05,0.005,3.0,8.0,0.5,NaCl,5610,9.5,-36.7,-75.2,3.256e-07,0.00051,None,0.0,None,6.96e-21
211,Initial transport and retention behaviors of ZnO nanoparticles in quartz sand porous media coated with Escherichia coli biofilm ,ZnO,HE,0.2,0.04,0.42,4.62964e-05,0.005,3.0,8.0,1.0,NaCl,5610,9.5,-35.2,-72.3,3.871e-07,0.00051,None,0.0,None,6.96e-21
212,Initial transport and retention behaviors of ZnO nanoparticles in quartz sand porous media coated with Escherichia coli biofilm ,ZnO,HE,0.2,0.04,0.42,4.62964e-05,0.005,3.0,8.0,5.0,NaCl,5610,9.5,-22.3,-67.6,4.832e-07,0.00051,None,0.0,None,6.96e-21
213,Initial transport and retention behaviors of ZnO nanoparticles in quartz sand porous media coated with Escherichia coli biofilm ,ZnO,HE,0.2,0.04,0.42,4.62964e-05,0.005,3.0,8.0,0.5,CaCl2,5610,9.5,-25.0,-54.8,3.483e-07,0.00051,None,0.0,None,6.96e-21
214,Initial transport and retention behaviors of ZnO nanoparticles in quartz sand porous media coated with Escherichia coli biofilm ,ZnO,HE,0.2,0.04,0.42,4.62964e-05,0.005,3.0,8.0,0.1,CaCl2,5610,9.5,-17.9,-50.2,4.242e-07,0.00051,None,0.0,None,6.96e-21
215,Initial transport and retention behaviors of ZnO nanoparticles in quartz sand porous media coated with Escherichia coli biofilm ,ZnO,HE,0.2,0.04,0.42,4.62964e-05,0.005,3.0,8.0,0.3,CaCl2,5610,9.5,-13.9,-47.0,4.367e-07,0.00051,None,0.0,None,6.96e-21
216,Initial transport and retention behaviors of ZnO nanoparticles in quartz sand porous media coated with Escherichia coli biofilm ,ZnO,HE,0.2,0.04,0.42,4.62964e-05,0.005,3.0,8.0,0.5,CaCl2,5610,9.5,-10.9,-40.7,4.572e-07,0.00051,None,0.0,None,6.96e-21
217,Humic Acid Facilitates the Transport of ARS-Labeled Hydroxyapatite Nanoparticles in Iron Oxyhydroxide-Coated Sand,nHAP,HE,0.2,0.026,0.385,7.5e-05,0.1,4.0,7.2,0.1,NaCl,3160,8.4,-61.0,-26.0,3.43e-07,0.0006,None,0.0,None,5.54e-21
218,Humic Acid Facilitates the Transport of ARS-Labeled Hydroxyapatite Nanoparticles in Iron Oxyhydroxide-Coated Sand,nHAP,HE,0.2,0.026,0.385,7.5e-05,0.1,4.0,7.2,0.1,NaCl,3160,8.4,-62.1,-50.4,3.06e-07,0.0006,None,0.001,HA,2.94e-21
219,Humic Acid Facilitates the Transport of ARS-Labeled Hydroxyapatite Nanoparticles in Iron Oxyhydroxide-Coated Sand,nHAP,HE,0.2,0.026,0.385,7.5e-05,0.1,4.0,7.2,0.1,NaCl,3160,8.4,-62.8,-56.0,3.01e-07,0.0006,None,0.005,HA,2.94e-21
220,Humic Acid Facilitates the Transport of ARS-Labeled Hydroxyapatite Nanoparticles in Iron Oxyhydroxide-Coated Sand,nHAP,HE,0.2,0.026,0.385,7.5e-05,0.1,4.0,7.2,0.1,NaCl,3160,8.4,-63.2,-58.7,2.75e-07,0.0006,None,0.01,HA,2.94e-21
221,Humic Acid Facilitates the Transport of ARS-Labeled Hydroxyapatite Nanoparticles in Iron Oxyhydroxide-Coated Sand,nHAP,HE,0.2,0.026,0.385,7.5e-05,0.1,4.0,7.2,0.1,NaCl,3160,8.4,-58.2,-58.7,2.75e-07,0.0006,FeOOH,0.01,HA,3.6e-20
222,Humic Acid Facilitates the Transport of ARS-Labeled Hydroxyapatite Nanoparticles in Iron Oxyhydroxide-Coated Sand,nHAP,HE,0.2,0.026,0.385,7.5e-05,0.1,4.0,7.2,0.1,NaCl,3160,8.4,-51.1,-58.7,2.75e-07,0.0006,FeOOH,0.01,HA,3.6e-20
223,Humic Acid Facilitates the Transport of ARS-Labeled Hydroxyapatite Nanoparticles in Iron Oxyhydroxide-Coated Sand,nHAP,HE,0.2,0.026,0.385,7.5e-05,0.1,4.0,7.2,0.1,NaCl,3160,8.4,-42.0,-58.7,2.75e-07,0.0006,FeOOH,0.01,HA,3.6e-20
224,Humic Acid Facilitates the Transport of ARS-Labeled Hydroxyapatite Nanoparticles in Iron Oxyhydroxide-Coated Sand,nHAP,HE,0.2,0.026,0.385,7.5e-05,0.1,4.0,7.2,0.1,NaCl,3160,8.4,-34.5,-58.7,2.75e-07,0.0006,FeOOH,0.01,HA,3.6e-20
225,Humic Acid Facilitates the Transport of ARS-Labeled Hydroxyapatite Nanoparticles in Iron Oxyhydroxide-Coated Sand,nHAP,HE,0.2,0.026,0.385,7.5e-05,0.1,4.0,7.2,0.1,NaCl,3160,8.4,-26.1,-58.7,2.75e-07,0.0006,FeOOH,0.01,HA,3.6e-20
226,Humic Acid Facilitates the Transport of ARS-Labeled Hydroxyapatite Nanoparticles in Iron Oxyhydroxide-Coated Sand,nHAP,HE,0.2,0.026,0.385,7.5e-05,0.1,4.0,7.2,0.1,NaCl,3160,8.4,-5.4,-58.7,2.75e-07,0.0006,FeOOH,0.01,HA,3.6e-20
227,Humic Acid Facilitates the Transport of ARS-Labeled Hydroxyapatite Nanoparticles in Iron Oxyhydroxide-Coated Sand,nHAP,HE,0.2,0.026,0.385,7.5e-05,0.1,4.0,6.0,0.1,NaCl,3160,8.4,-43.6,-37.8,2.75e-07,0.0006,FeOOH,0.01,HA,3.6e-20
228,Humic Acid Facilitates the Transport of ARS-Labeled Hydroxyapatite Nanoparticles in Iron Oxyhydroxide-Coated Sand,nHAP,HE,0.2,0.026,0.385,7.5e-05,0.1,4.0,8.0,0.1,NaCl,3160,8.4,-56.4,-61.2,2.75e-07,0.0006,FeOOH,0.01,HA,3.6e-20
229,Humic Acid Facilitates the Transport of ARS-Labeled Hydroxyapatite Nanoparticles in Iron Oxyhydroxide-Coated Sand,nHAP,HE,0.2,0.026,0.385,7.5e-05,0.1,4.0,10.5,0.1,NaCl,3160,8.4,-70.0,-72.0,2.75e-07,0.0006,FeOOH,0.01,HA,3.6e-20
230,A multi-constituent site blocking model for nanoparticle and stabilizing agent transport in porous media ,QD,SIR,0.1,0.025,0.37,9.25928e-06,0.05,3.5,7.0,3.0,NaCl,4820,1.5,-45.8,-69.2,3.08e-08,0.000354,None,0.0,None,7.2e-21
231,A multi-constituent site blocking model for nanoparticle and stabilizing agent transport in porous media ,QD,IRwD,0.1,0.025,0.38,9.25928e-06,0.05,3.5,7.0,3.0,NaCl,4820,1.5,-45.8,-69.2,3.08e-08,0.000163,None,0.0,None,7.2e-21
235,A multi-constituent site blocking model for nanoparticle and stabilizing agent transport in porous media ,QD,IRwD,0.1,0.025,0.37,8.912057e-05,0.05,3.5,7.0,3.0,NaCl,4820,1.5,-45.8,-69.2,3.08e-08,0.000354,None,0.0,None,7.2e-21
236,A multi-constituent site blocking model for nanoparticle and stabilizing agent transport in porous media ,QD,IRwD,0.1,0.025,0.39,8.449093e-05,0.05,3.5,7.0,3.0,NaCl,4820,1.5,-45.8,-69.2,3.08e-08,0.000163,None,0.0,None,7.2e-21
237,A multi-constituent site blocking model for nanoparticle and stabilizing agent transport in porous media ,QD,SIR,0.1,0.025,0.39,8.449093e-05,0.05,3.5,7.0,3.0,NaCl,4820,1.5,-45.8,-69.2,3.08e-08,0.000125,None,0.0,None,7.2e-21
